id,MasterItemNo,QtyShipped
3708,511,5.0
6302,511,69.0
8687,480,32.0
361,511,1.0
13231,258,67.0
9001,302,6.0
1924,50,89.0
8950,258,137.0
4449,511,26.0
1954,150,51.0
3695,357,18.0
7966,303,16.0
8870,148,1.0
13371,303,22.0
12399,511,107.0
11113,511,212.0
9397,50,48.0
3469,511,6.0
12723,511,34.0
10172,488,26.0
1386,411,1.0
3388,511,87.0
12442,515,26.0
5747,303,126.0
12411,303,14.0
13189,258,68.0
10114,480,82.0
8876,50,149.0
2930,162,2.0
869,511,1.0
13061,488,40.0
609,303,11.0
4605,511,1.0
1731,463,4.0
7337,258,1.0
3703,511,19.0
11948,511,30.0
5130,511,1.0
5606,511,2.0
10684,50,18.0
8297,704,107.0
4541,458,78.0
1321,942,11.0
5816,480,7.0
11013,511,97.0
4376,303,42.0
1603,511,28.0
10743,114,18.0
10443,303,33.0
2321,511,1.0
4251,511,66.0
2996,303,33.0
5859,511,120.0
12269,258,10.0
64,323,5.0
2520,303,1.0
10001,467,8.0
10229,704,314.0
12295,258,14.0
10772,511,1.0
3985,258,74.0
4873,149,8.0
9059,682,13.0
3502,303,8.0
6462,488,95.0
354,411,4.0
9759,511,45.0
1596,463,1.0
7922,488,8.0
4004,258,73.0
1143,511,13.0
10804,511,41.0
3791,162,6.0
7110,50,15.0
1394,511,15.0
12752,303,2.0
3205,229,23.0
8055,463,19.0
11540,303,32.0
2349,511,37.0
11867,6,40.0
7464,50,70.0
12015,511,164.0
1373,303,4.0
8272,488,14.0
2928,478,60.0
11263,511,12.0
7364,480,37.0
2120,511,5.0
12208,258,14.0
3077,511,29.0
3694,511,69.0
10426,487,39.0
6246,303,4.0
7927,488,119.0
11876,716,135.0
2911,50,18.0
5814,148,16.0
5427,258,36.0
1531,511,10.0
7653,511,72.0
2183,511,22.0
11578,511,164.0
5810,148,16.0
13229,488,19.0
5062,258,45.0
12051,50,62.0
3956,511,2.0
10847,477,34.0
12847,511,8.0
8515,511,29.0
2526,511,2.0
4098,411,9.0
13093,511,26.0
5887,511,91.0
2502,162,1.0
3942,511,12.0
3707,511,12.0
12119,511,7.0
13291,511,106.0
7656,258,36.0
9979,891,36.0
12683,50,27.0
8729,480,12.0
10085,463,9.0
2656,258,54.0
5917,1100,94.0
7866,511,7.0
12672,303,4.0
11032,50,53.0
2070,511,10.0
9036,50,8.0
3194,511,1.0
11845,682,13.0
456,511,11.0
10126,511,39.0
6724,511,5.0
1702,511,24.0
10521,511,57.0
3059,258,74.0
12751,511,18.0
4871,411,1.0
5548,50,25.0
873,38,1.0
3022,303,38.0
2895,511,26.0
938,209,1.0
169,411,3.0
12719,511,49.0
9626,258,133.0
4348,303,1.0
1740,463,4.0
8856,511,4.0
4024,303,4.0
9648,463,13.0
10547,942,71.0
11910,258,35.0
4619,511,10.0
13128,303,39.0
4702,411,1.0
3317,511,23.0
8577,511,25.0
2752,258,54.0
6031,1100,94.0
7574,488,1.0
4203,511,63.0
5229,511,32.0
9271,511,24.0
9726,258,32.0
2808,942,5.0
4016,258,120.0
12803,511,1.0
5051,511,1.0
9966,511,1.0
4505,411,74.0
1087,511,17.0
7493,303,42.0
12416,258,14.0
11323,258,155.0
2021,258,73.0
12233,511,18.0
12191,511,1.0
5269,511,46.0
4844,511,25.0
3044,357,1.0
7308,480,35.0
12426,303,39.0
3822,511,1.0
2311,303,4.0
12544,50,203.0
8971,511,43.0
305,511,2.0
1563,411,5.0
5432,258,24.0
7672,39,1.0
13214,50,30.0
11846,511,164.0
3018,511,20.0
6210,511,52.0
539,942,3.0
13342,50,8.0
182,303,1.0
2443,303,14.0
2630,303,4.0
7198,480,17.0
750,411,11.0
10636,258,117.0
10307,511,32.0
4266,511,33.0
6866,50,45.0
4809,50,1.0
6339,511,32.0
1079,411,14.0
7979,511,17.0
1214,50,53.0
11159,50,15.0
721,511,8.0
400,411,5.0
9692,480,23.0
10095,303,31.0
6051,511,95.0
5724,480,67.0
5925,50,68.0
12619,511,48.0
12336,458,34.0
5364,511,32.0
8672,303,1.0
625,463,4.0
8192,258,82.0
1115,511,18.0
3795,511,1.0
3541,258,45.0
9,50,23.0
3121,312,7.0
6936,511,16.0
1483,511,1.0
8019,303,30.0
2445,50,12.0
458,511,15.0
12971,258,66.0
1176,288,5.0
13162,511,8.0
4354,502,1.0
3861,258,84.0
8993,303,4.0
11543,463,26.0
6085,50,70.0
7591,258,6.0
2532,411,7.0
9373,258,123.0
6804,511,35.0
6935,511,16.0
2797,511,10.0
519,511,16.0
5873,303,201.0
2967,511,21.0
5964,511,33.0
312,463,1.0
7278,511,44.0
1698,511,16.0
9054,114,5.0
7220,511,28.0
2508,511,18.0
11865,511,20.0
5271,511,46.0
12106,511,98.0
10371,511,23.0
7221,511,30.0
9762,478,81.0
12311,511,15.0
10330,463,9.0
10911,6,11.0
3955,511,2.0
2110,303,1.0
4025,303,2.0
7753,458,34.0
6957,463,63.0
9212,50,14.0
2367,162,6.0
3586,303,15.0
3976,303,1.0
3298,303,10.0
11537,511,43.0
5063,258,45.0
3078,511,6.0
10392,114,39.0
7622,50,26.0
2345,511,31.0
5968,511,1.0
13377,511,1.0
6887,50,70.0
488,50,9.0
4990,511,122.0
8575,303,1.0
9050,511,35.0
8808,511,73.0
12036,357,1.0
10363,511,31.0
11803,303,1.0
2320,511,1.0
7077,303,21.0
12032,258,17.0
8775,480,69.0
6879,258,14.0
12781,480,37.0
4606,511,1.0
8458,511,4.0
5408,303,4.0
12074,511,82.0
3706,511,50.0
249,607,15.0
6974,511,1.0
6119,511,15.0
2702,50,15.0
4247,511,72.0
8490,511,11.0
451,511,11.0
11034,480,67.0
7950,511,49.0
3729,303,2.0
2885,511,52.0
12158,258,65.0
4985,511,43.0
2185,511,108.0
6265,303,21.0
71,511,1.0
7196,794,49.0
6015,50,204.0
6474,114,31.0
1494,511,137.0
10376,488,6.0
7840,794,39.0
4102,288,1.0
8754,488,22.0
11350,511,11.0
5886,50,32.0
11015,258,15.0
6000,303,13.0
1086,303,9.0
10127,511,39.0
8815,258,33.0
11325,511,1.0
12020,303,46.0
3209,463,1.0
10668,511,97.0
10680,50,8.0
8369,488,8.0
9465,511,13.0
812,511,1.0
7812,643,5.0
3466,511,37.0
6088,704,104.0
4031,511,8.0
9177,463,37.0
9227,942,10.0
11812,50,15.0
10195,50,53.0
8094,511,81.0
11194,258,15.0
8676,480,16.0
10219,258,133.0
1062,303,10.0
1347,50,1.0
4239,511,1.0
5986,303,1.0
4562,794,43.0
10303,258,15.0
12142,301,41.0
4827,411,6.0
3659,511,5.0
13321,480,41.0
9574,258,73.0
9009,357,1.0
9239,258,118.0
9463,511,18.0
9516,50,40.0
2158,511,25.0
901,316,1.0
6763,511,7.0
100,447,21.0
12154,480,38.0
12901,1043,114.0
2228,511,6.0
10042,511,70.0
8834,224,1.0
8898,303,1.0
10544,794,1.0
3167,411,10.0
2953,511,21.0
6481,258,40.0
386,511,53.0
411,511,1.0
1484,411,1.0
13178,488,31.0
11891,487,21.0
2037,511,2.0
5264,511,59.0
13274,258,17.0
885,209,4.0
5000,411,28.0
534,121,9.0
2291,50,2.0
3410,463,1.0
10356,480,26.0
7638,511,53.0
2010,357,25.0
11701,511,22.0
1374,794,63.0
3834,463,2.0
10592,511,79.0
12180,511,130.0
10775,643,1.0
11988,258,117.0
219,50,87.0
5682,50,81.0
1635,942,10.0
9923,258,102.0
3101,511,26.0
1011,511,4.0
543,942,1.0
8590,511,41.0
2803,511,1.0
11853,258,15.0
9791,480,5.0
1660,219,14.0
8609,511,1.0
9738,303,1.0
4815,511,9.0
1458,624,1.0
12907,480,47.0
3895,511,27.0
6914,114,35.0
9644,463,13.0
6832,511,106.0
1431,303,8.0
6741,303,22.0
5529,50,35.0
6844,480,25.0
8122,50,34.0
5492,511,30.0
2055,303,7.0
4349,303,3.0
10920,303,1.0
10543,162,21.0
10585,511,97.0
10507,511,45.0
12832,258,38.0
11559,303,4.0
2408,463,2.0
2309,303,4.0
1311,511,4.0
10432,480,13.0
8105,50,38.0
2486,511,12.0
7075,303,42.0
8774,50,45.0
12538,488,31.0
5508,704,88.0
2335,511,50.0
11218,515,93.0
8052,50,44.0
12902,511,78.0
5876,50,204.0
11244,511,212.0
5461,303,10.0
6174,511,1.0
11104,50,8.0
2620,258,74.0
1490,303,20.0
12750,50,204.0
10811,511,212.0
13277,511,32.0
4014,511,62.0
8818,357,2.0
8422,463,13.0
114,323,12.0
5829,511,24.0
3920,50,1.0
8929,303,1.0
3843,511,4.0
5525,511,32.0
9822,511,97.0
12057,303,4.0
928,942,1.0
36,411,17.0
2304,50,11.0
10997,511,1.0
6779,303,62.0
4065,511,1.0
587,463,1.0
5338,50,246.0
7771,303,1.0
4817,192,6.0
5381,50,8.0
5665,50,7.0
2352,511,26.0
773,50,13.0
8730,463,19.0
4717,808,10.0
10375,511,66.0
1040,303,20.0
48,50,11.0
4872,411,9.0
11651,303,1.0
6619,50,27.0
13003,511,135.0
10784,511,20.0
4755,303,1.0
9582,511,17.0
3571,258,133.0
8873,258,128.0
8281,488,33.0
5129,511,1.0
9270,258,94.0
8395,511,12.0
9366,511,1.0
12636,50,33.0
11142,511,212.0
2778,463,1.0
978,50,35.0
4245,511,44.0
11993,511,17.0
7380,511,1.0
4105,357,111.0
13196,515,137.0
9780,511,12.0
6153,6,9.0
12815,511,16.0
11969,704,36.0
2817,511,6.0
1352,303,29.0
1179,411,1.0
7188,463,12.0
9575,258,44.0
12081,411,1.0
7496,469,93.0
9879,511,27.0
11941,511,8.0
11073,511,97.0
7253,258,78.0
12715,50,204.0
9137,148,1.0
10890,50,13.0
7151,480,46.0
6928,480,41.0
2453,50,18.0
380,411,13.0
3510,224,12.0
11298,357,1.0
12221,258,1.0
4786,511,1.0
11108,50,8.0
5961,258,45.0
7394,477,16.0
10582,258,14.0
11521,258,15.0
3679,50,1.0
8656,511,1.0
9618,511,2.0
10649,50,132.0
9223,511,54.0
3593,511,1.0
6791,50,204.0
8705,488,6.0
9159,416,1.0
3308,50,7.0
291,50,19.0
1122,511,19.0
2902,258,118.0
8201,162,1.0
5787,50,51.0
9031,357,120.0
7114,50,35.0
8352,511,90.0
2239,303,1.0
13297,50,40.0
1262,511,17.0
6396,511,5.0
7524,511,37.0
1384,511,18.0
11391,511,84.0
2413,511,1.0
7525,511,93.0
2418,463,7.0
4339,357,91.0
9471,114,88.0
1003,511,11.0
248,607,15.0
8872,258,128.0
2665,740,1.0
9691,511,40.0
11859,511,32.0
3117,502,1.0
512,411,32.0
11683,303,1.0
10504,480,11.0
6823,463,12.0
10165,891,17.0
1108,50,14.0
8841,511,2.0
3847,511,5.0
13010,511,1.0
10481,511,49.0
10198,32,58.0
12118,511,173.0
10634,511,97.0
136,411,1.0
5217,50,62.0
2406,511,8.0
2472,157,1.0
7404,511,91.0
2338,463,1.0
12993,511,6.0
6932,511,97.0
12453,511,23.0
7682,303,33.0
8361,1043,40.0
11092,411,36.0
10395,114,5.0
10689,258,72.0
4672,411,45.0
5490,511,15.0
10498,162,62.0
5340,302,1.0
6836,511,93.0
9949,480,44.0
12275,6,78.0
3423,303,8.0
12415,303,17.0
9393,480,39.0
1324,209,7.0
13340,50,8.0
2985,288,11.0
2219,50,1.0
7473,303,10.0
9262,50,36.0
5982,511,1.0
903,209,1.0
1966,149,2.0
7754,458,34.0
6572,50,204.0
10491,511,72.0
11162,258,41.0
748,511,5.0
1881,511,16.0
1922,511,49.0
979,203,7.0
931,942,6.0
9683,511,5.0
8741,511,1.0
13095,416,1.0
7956,480,12.0
4706,303,2.0
10102,258,146.0
5059,511,1.0
9472,488,15.0
5844,488,120.0
7458,511,1.0
9849,511,26.0
3718,511,37.0
6578,511,122.0
285,411,13.0
13190,511,3.0
9544,704,1.0
6394,511,15.0
11178,511,6.0
8758,480,12.0
174,411,66.0
10827,960,32.0
4601,411,1.0
6612,303,10.0
3614,50,1.0
834,942,13.0
863,411,5.0
3016,50,13.0
3290,511,67.0
3845,511,1.0
4368,511,30.0
8396,511,15.0
3315,511,16.0
11362,511,1.0
12903,511,95.0
11275,50,64.0
11068,480,124.0
7817,511,43.0
12810,511,28.0
11763,258,145.0
1237,411,8.0
6743,303,22.0
1036,511,13.0
2789,463,1.0
1600,511,104.0
12900,480,38.0
3039,357,25.0
7863,6,23.0
7274,511,44.0
7173,50,8.0
4954,303,15.0
5889,303,18.0
7498,480,62.0
4078,303,1.0
6659,511,155.0
2056,303,2.0
4405,488,17.0
7673,39,1.0
9786,511,23.0
6179,511,32.0
1769,392,8.0
10004,511,14.0
8031,511,11.0
12866,303,14.0
6162,258,113.0
3560,463,42.0
1226,511,12.0
120,340,6.0
3617,511,2.0
8573,50,15.0
12705,511,15.0
8377,511,9.0
3859,511,10.0
1627,288,12.0
8486,511,1.0
11438,511,25.0
7954,511,49.0
8905,416,43.0
13409,511,12.0
4537,411,147.0
9847,511,1.0
658,303,1.0
5796,511,24.0
8254,511,12.0
8137,258,145.0
7454,50,57.0
11355,50,35.0
10453,50,36.0
5372,258,1.0
7045,303,18.0
13258,511,78.0
3690,511,13.0
11873,6,46.0
705,50,35.0
3269,511,32.0
9188,303,44.0
12718,511,12.0
358,511,64.0
3352,50,1.0
9560,511,12.0
10871,303,1.0
8803,511,11.0
6728,511,32.0
151,511,7.0
6177,258,14.0
432,411,1.0
1007,303,4.0
12535,303,25.0
6506,303,25.0
4334,511,17.0
1666,511,50.0
2059,303,8.0
8601,480,22.0
5933,50,62.0
9428,50,36.0
10621,488,177.0
6374,480,34.0
11980,303,1.0
11663,511,17.0
1580,50,38.0
5744,303,69.0
10022,511,26.0
13242,50,1.0
7926,511,119.0
1084,942,35.0
4862,411,2.0
8638,258,155.0
11317,114,19.0
6312,511,11.0
4961,50,23.0
1517,100,22.0
1663,511,10.0
9158,511,1.0
8370,511,22.0
8485,463,20.0
11334,463,2.0
10640,303,20.0
2129,39,16.0
11979,511,1.0
6857,511,97.0
2761,511,2.0
8305,411,3.0
1218,511,15.0
34,463,29.0
796,511,51.0
9685,258,92.0
6307,511,70.0
469,511,1.0
11234,511,1.0
2146,511,25.0
1576,50,14.0
6538,511,35.0
7984,114,7.0
4270,411,41.0
2994,511,11.0
7874,511,8.0
7989,511,379.0
4468,511,67.0
3996,303,9.0
4171,303,14.0
9935,511,58.0
7946,511,49.0
2272,511,20.0
6917,258,1.0
12821,511,12.0
4983,511,51.0
1745,50,13.0
8684,286,193.0
4353,258,82.0
11932,511,19.0
12090,511,14.0
4964,511,164.0
178,411,5.0
4920,511,43.0
3456,148,1.0
3195,258,125.0
6826,480,5.0
7320,488,31.0
926,209,1.0
12455,511,10.0
2389,511,37.0
2992,511,53.0
9565,704,56.0
10690,114,23.0
42,411,14.0
13029,303,3.0
7056,511,14.0
10199,303,16.0
9905,148,1.0
7967,258,53.0
4831,411,17.0
51,411,1.0
10698,511,97.0
10845,487,23.0
3306,149,97.0
4227,511,39.0
4106,511,14.0
9241,50,24.0
2202,303,10.0
7518,303,16.0
8406,511,82.0
5861,114,18.0
11451,463,2.0
3276,511,67.0
8494,162,18.0
8298,704,107.0
8140,511,5.0
8882,942,9.0
1689,511,38.0
13376,511,1.0
13358,411,28.0
11557,511,84.0
11403,50,25.0
7022,303,1.0
5583,258,67.0
11238,511,84.0
12377,303,3.0
1684,511,32.0
4639,511,1.0
9666,480,25.0
10422,357,4.0
9103,303,6.0
4206,511,50.0
3066,511,33.0
1023,511,1.0
3080,511,6.0
10849,511,16.0
397,511,13.0
168,303,10.0
5495,303,18.0
9639,511,78.0
12102,129,17.0
7515,50,3.0
9244,148,1.0
8751,463,19.0
7078,303,21.0
1329,411,14.0
3838,511,42.0
11276,258,27.0
2123,511,11.0
3252,463,48.0
1800,411,1.0
12409,488,9.0
7368,488,31.0
10484,480,1.0
435,411,5.0
1227,376,7.0
3725,511,12.0
9021,511,7.0
6311,511,11.0
1476,411,16.0
9356,411,3.0
2449,511,27.0
2693,411,2.0
6283,511,1.0
2914,511,17.0
4994,511,97.0
6693,488,5.0
7284,511,120.0
12879,480,24.0
10691,50,5.0
1454,301,24.0
7043,303,18.0
252,463,1.0
10506,511,120.0
12908,488,24.0
10877,488,6.0
8694,511,5.0
8964,480,5.0
9857,129,53.0
12932,50,203.0
13042,303,207.0
9846,511,212.0
9810,258,32.0
7686,114,18.0
11819,511,60.0
11699,511,22.0
150,411,5.0
5045,258,14.0
12604,511,135.0
12917,756,32.0
8380,488,14.0
6180,511,58.0
12314,50,8.0
9427,50,37.0
3081,511,6.0
11716,511,120.0
1359,511,1.0
201,808,29.0
7904,480,52.0
3911,511,12.0
2615,502,13.0
764,50,11.0
11725,488,6.0
8372,303,13.0
13142,258,32.0
11240,704,53.0
3147,50,5.0
11461,50,203.0
10365,114,19.0
994,511,13.0
6924,511,8.0
1685,411,20.0
9713,258,159.0
6291,303,69.0
7842,50,39.0
10464,303,16.0
7111,50,15.0
13069,511,97.0
13420,463,2.0
5325,302,1.0
6293,303,6.0
84,511,47.0
11404,50,13.0
1656,511,18.0
4075,258,82.0
8831,416,1.0
1327,121,1.0
6570,511,97.0
9752,511,23.0
2391,511,37.0
9835,511,19.0
8544,463,19.0
9605,511,10.0
4642,463,13.0
430,511,1.0
5108,258,45.0
9415,511,10.0
9446,50,1.0
5707,511,42.0
11207,808,248.0
8021,511,70.0
3699,511,1.0
2747,463,1.0
3132,511,14.0
10860,303,40.0
7293,511,27.0
7059,357,30.0
1845,357,9.0
8381,488,8.0
3483,303,7.0
7521,511,15.0
3071,511,33.0
294,942,80.0
7751,511,1.0
1787,411,55.0
5419,511,33.0
103,511,4.0
7837,50,12.0
10241,480,58.0
8223,303,22.0
7758,50,203.0
8171,258,56.0
5373,114,39.0
1158,511,12.0
10076,114,106.0
1513,288,17.0
654,392,8.0
7671,511,1.0
7342,511,50.0
6278,704,81.0
12624,511,120.0
3777,511,10.0
8742,511,16.0
6139,50,81.0
11732,511,17.0
12822,50,33.0
6959,303,1.0
5728,511,97.0
6408,258,50.0
5080,303,7.0
8092,511,6.0
2082,511,1.0
6946,511,30.0
2233,511,19.0
7587,480,46.0
8147,511,5.0
13266,511,1.0
7199,480,38.0
12680,511,47.0
104,411,31.0
8949,511,1.0
12427,303,64.0
6416,303,10.0
11139,540,22.0
3342,511,11.0
9773,50,1.0
3012,50,20.0
648,511,4.0
12096,50,30.0
1723,303,14.0
7975,511,17.0
6102,411,6.0
11951,50,37.0
4992,258,117.0
5119,515,25.0
11330,50,1.0
6132,463,58.0
6347,511,15.0
7345,511,15.0
544,624,34.0
3070,511,33.0
12299,511,22.0
6188,258,100.0
12446,6,46.0
4099,511,1.0
10437,258,117.0
4528,303,265.0
5897,258,41.0
742,303,10.0
12549,303,14.0
11550,511,51.0
8189,258,82.0
9608,416,43.0
6373,511,21.0
3647,6,24.0
10414,258,7.0
8969,511,29.0
4442,511,30.0
9288,258,1.0
3670,511,37.0
4202,50,986.0
13347,488,14.0
3652,148,4.0
2681,303,4.0
8268,511,11.0
8874,50,149.0
1792,511,24.0
8539,480,1.0
3964,411,7.0
840,411,6.0
7074,50,204.0
11321,511,37.0
9035,303,1.0
3373,6,15.0
11174,303,54.0
4084,511,6.0
8827,416,5.0
4399,502,13.0
7365,480,37.0
745,303,1.0
12639,511,6.0
3854,511,22.0
6215,488,185.0
4951,258,15.0
6146,303,38.0
3839,511,11.0
9872,511,14.0
5387,50,70.0
13352,511,69.0
2013,511,49.0
6931,511,97.0
4697,411,10.0
2040,511,1.0
6770,488,22.0
11758,162,7.0
1612,100,45.0
9016,303,1.0
8164,511,5.0
8048,511,19.0
5853,511,1.0
4150,511,67.0
11878,50,4.0
2190,511,108.0
896,209,4.0
13155,303,1.0
829,511,19.0
6084,50,62.0
2975,281,189.0
11961,511,50.0
12434,303,13.0
1198,511,11.0
9296,511,30.0
2555,511,12.0
536,942,1.0
3324,511,26.0
7439,302,15.0
2268,463,1.0
5708,480,34.0
12966,1005,47.0
2020,511,1.0
1770,392,8.0
8296,303,55.0
11061,511,23.0
7540,511,126.0
4914,511,60.0
1706,511,16.0
10317,50,1.0
1044,411,2.0
11568,511,125.0
8941,511,16.0
374,411,1.0
4882,411,28.0
4455,511,49.0
12259,488,6.0
11987,50,13.0
6518,511,65.0
5467,50,62.0
6640,480,11.0
3521,258,125.0
12393,488,1.0
5247,162,1.0
8251,511,5.0
3890,50,17.0
12278,511,156.0
12799,488,49.0
2022,258,73.0
12284,50,1.0
1622,942,7.0
9321,511,164.0
7192,50,23.0
2401,411,1.0
3704,511,32.0
1587,511,1.0
2460,511,22.0
13259,50,158.0
12031,511,26.0
2806,511,1.0
13312,511,135.0
6183,511,35.0
6729,50,57.0
11592,148,1.0
3616,511,2.0
9441,511,1.0
10026,258,72.0
12050,511,202.0
9469,511,13.0
4768,411,11.0
7773,114,90.0
4955,511,212.0
8085,488,21.0
4093,511,1.0
8938,511,29.0
10792,511,1.0
13169,258,17.0
10374,511,7.0
677,303,10.0
7670,511,1.0
10931,488,19.0
922,209,4.0
6561,463,19.0
1183,511,1.0
4437,511,26.0
4680,411,16.0
222,303,35.0
6067,50,57.0
11661,511,22.0
10801,416,43.0
8438,511,18.0
2743,50,5.0
8511,114,5.0
3990,303,1.0
12978,114,31.0
334,511,16.0
7277,511,44.0
1984,511,6.0
3669,511,37.0
1356,230,16.0
7019,511,39.0
2910,511,7.0
4412,50,3.0
9933,258,126.0
11302,50,28.0
10310,511,32.0
11484,303,14.0
1979,463,1.0
2184,511,22.0
4330,303,5.0
2827,50,4.0
5050,511,1.0
6099,303,4.0
3653,229,24.0
7225,303,14.0
725,411,12.0
13171,511,22.0
11565,32,57.0
3873,511,12.0
6473,511,93.0
1419,50,21.0
8414,511,1.0
8249,258,56.0
1946,357,75.0
448,511,16.0
6021,1043,141.0
5577,511,1.0
9143,50,22.0
7329,511,50.0
3820,511,1.0
11430,511,1.0
7229,258,45.0
2754,38,1.0
5768,511,37.0
8068,6,46.0
684,50,22.0
3232,303,17.0
10216,50,47.0
876,411,5.0
2936,511,19.0
10971,303,1.0
11727,511,1.0
3446,149,2.0
1990,303,75.0
8009,511,379.0
2535,502,1.0
9781,258,94.0
9498,303,34.0
1796,511,1.0
6821,50,81.0
4097,303,1.0
5484,463,23.0
1958,511,9.0
6460,511,32.0
10141,794,19.0
1741,50,13.0
2035,50,2.0
7203,794,19.0
5169,794,19.0
5400,704,104.0
4661,511,57.0
6424,50,62.0
1238,511,34.0
6962,50,203.0
4074,258,82.0
102,411,11.0
11577,511,97.0
2488,511,14.0
6331,480,46.0
8665,32,31.0
980,303,9.0
9705,286,5.0
10019,258,117.0
3091,258,45.0
4731,511,24.0
11887,6,46.0
11736,303,1.0
1154,511,1.0
12381,511,33.0
2265,229,24.0
3394,511,5.0
1936,511,92.0
1784,303,11.0
8765,258,51.0
3572,511,21.0
6505,511,10.0
9253,258,102.0
3489,357,1.0
8594,511,18.0
12795,303,15.0
10669,258,126.0
3356,511,1.0
7200,50,25.0
3379,411,24.0
12515,511,6.0
9483,303,67.0
20,162,8.0
8199,511,12.0
10787,511,45.0
1434,50,36.0
3462,511,2.0
4984,511,32.0
8243,50,10.0
322,511,4.0
5285,511,79.0
3543,258,45.0
4129,258,55.0
4895,411,53.0
12383,488,1.0
8884,50,1.0
9369,50,45.0
5077,480,21.0
10400,302,15.0
8867,157,80.0
264,434,44.0
3574,511,25.0
7318,511,10.0
3448,50,2.0
1369,411,13.0
2255,50,18.0
2484,511,6.0
7175,50,4.0
474,93,9.0
9495,511,1.0
9503,50,9.0
7554,258,1.0
6609,303,15.0
5839,511,129.0
8664,258,157.0
11090,303,1.0
11111,50,24.0
9222,511,81.0
8480,511,1.0
7933,258,58.0
10815,6,19.0
12920,511,1.0
8622,488,22.0
10428,411,19.0
3014,511,38.0
3380,463,1.0
2958,463,66.0
7208,463,12.0
3874,511,10.0
10052,511,97.0
6585,303,1.0
7727,50,1.0
7402,302,1.0
12620,511,126.0
9518,511,1.0
9967,416,1.0
851,303,10.0
3475,303,1.0
11974,488,5.0
11907,411,3.0
9576,511,12.0
10082,488,10.0
10731,463,19.0
5684,50,81.0
11533,511,97.0
6287,302,5.0
6683,458,8.0
7132,480,17.0
6026,488,185.0
6335,511,122.0
968,411,1.0
2168,357,14.0
6422,704,104.0
2128,447,22.0
12698,480,77.0
96,162,8.0
1492,150,61.0
3818,511,12.0
7714,511,1.0
7600,258,78.0
4963,511,164.0
60,511,9.0
8936,511,31.0
4076,258,54.0
11990,511,2.0
10509,259,57.0
9569,258,33.0
12192,50,88.0
8523,704,1.0
9968,303,1.0
11328,302,4.0
462,463,7.0
3882,511,37.0
5513,303,1.0
6559,511,11.0
3932,411,2.0
2981,258,118.0
10631,511,44.0
5067,50,51.0
13152,511,25.0
9246,511,66.0
9842,488,22.0
10580,258,15.0
2003,463,446.0
3028,148,21.0
11536,511,51.0
328,511,6.0
5845,511,78.0
1054,511,1.0
10650,488,177.0
8317,511,7.0
4683,463,23.0
8956,480,21.0
11416,258,62.0
331,411,15.0
9020,511,2.0
7434,114,39.0
9963,511,23.0
614,303,14.0
1283,148,31.0
9255,258,94.0
4723,511,20.0
15,463,26.0
6919,480,37.0
4111,149,97.0
12596,511,135.0
6267,511,15.0
9116,114,29.0
9302,511,97.0
4113,478,44.0
612,303,14.0
4415,303,3.0
2772,511,1.0
10081,258,108.0
6976,511,1.0
5035,488,37.0
5121,488,19.0
6065,50,57.0
1965,303,17.0
12556,148,7.0
5779,511,97.0
4864,511,1.0
8218,303,34.0
4300,6,15.0
2616,50,1.0
2770,511,25.0
8527,6,86.0
3600,511,22.0
2474,50,1.0
6811,281,5.0
971,511,7.0
9100,303,6.0
6533,511,1.0
13379,511,1.0
4011,511,15.0
4726,50,69.0
6385,511,3.0
5757,704,81.0
6699,511,21.0
12539,258,8.0
3083,511,12.0
13361,302,1.0
11155,303,67.0
2145,411,9.0
6746,6,46.0
10935,511,17.0
1808,281,189.0
9604,511,165.0
8125,403,14.0
10613,303,40.0
6651,477,41.0
8417,258,94.0
3488,357,1.0
11613,511,97.0
1167,210,6.0
6576,511,196.0
8674,511,137.0
12107,1043,114.0
10914,511,84.0
11847,511,164.0
3615,511,2.0
12591,511,135.0
6915,258,1.0
9101,463,1.0
6455,511,55.0
4059,411,1.0
1112,511,18.0
5405,258,50.0
709,411,19.0
5567,463,113.0
2993,511,23.0
6593,114,46.0
11036,469,76.0
7996,704,39.0
1348,511,2.0
5227,303,1.0
12217,511,70.0
9264,511,27.0
5279,258,36.0
5305,50,1.0
1209,50,23.0
7760,303,49.0
425,511,11.0
555,511,8.0
945,50,1.0
6187,511,39.0
8295,411,3.0
4166,511,1.0
2271,303,1.0
2715,357,15.0
2969,478,60.0
13118,488,31.0
12405,50,58.0
4005,511,21.0
13018,357,24.0
10194,303,14.0
5848,511,1.0
4366,149,114.0
10708,511,51.0
3425,150,51.0
5690,303,8.0
5788,50,51.0
9287,511,57.0
5197,303,5.0
3170,258,55.0
9456,50,1.0
2657,303,1.0
13172,511,10.0
3805,50,1.0
69,511,16.0
4238,50,66.0
3060,258,74.0
12960,480,40.0
3207,511,5.0
9994,463,15.0
7896,511,27.0
8258,411,16.0
12632,511,11.0
10164,50,89.0
3852,303,1.0
11602,511,16.0
5913,1100,94.0
7742,303,1.0
4979,511,97.0
3329,149,2.0
733,463,11.0
246,392,3.0
3099,511,26.0
11309,511,164.0
5621,794,50.0
7459,129,51.0
2436,511,37.0
5494,303,18.0
2705,511,18.0
9863,258,133.0
9148,463,20.0
11071,303,8.0
5937,511,1.0
6551,511,2.0
674,50,22.0
8194,303,45.0
1607,942,14.0
4839,121,7.0
477,511,21.0
3888,303,8.0
12013,511,164.0
2875,294,1.0
9308,511,51.0
4863,511,3.0
2617,488,3.0
6386,511,19.0
9380,258,77.0
10270,463,19.0
1509,511,52.0
4902,411,26.0
1955,303,1.0
4880,411,5.0
8112,50,28.0
5596,50,2.0
6426,704,104.0
4047,50,1.0
4451,511,26.0
12231,303,1.0
7347,511,37.0
6748,511,23.0
813,511,114.0
8432,488,6.0
9723,511,8.0
4808,511,54.0
6259,114,49.0
2178,511,19.0
10653,511,84.0
10512,794,68.0
4443,303,32.0
7039,511,45.0
6352,511,10.0
1428,150,61.0
9058,511,89.0
4521,511,14.0
10286,357,283.0
6785,511,97.0
7943,488,14.0
6862,50,81.0
1414,511,9.0
115,411,44.0
11554,258,84.0
7781,303,2.0
13074,258,42.0
12659,511,1.0
231,50,22.0
6330,129,6.0
2678,511,1.0
13216,511,22.0
7421,303,1.0
9034,511,20.0
1521,411,252.0
5999,303,13.0
215,219,1.0
4641,411,14.0
9667,303,21.0
5341,303,2.0
8084,463,13.0
5923,704,104.0
697,303,14.0
12000,960,50.0
2632,303,14.0
6524,114,19.0
11221,303,8.0
4388,488,50.0
11789,50,94.0
11381,303,33.0
6168,258,17.0
9080,209,35.0
2030,50,6.0
6082,50,62.0
7635,480,20.0
7697,511,32.0
13404,303,4.0
8679,511,19.0
8893,303,1.0
10938,50,147.0
737,230,1.0
5610,488,120.0
13099,114,54.0
12042,488,120.0
7887,488,21.0
5776,416,43.0
11660,511,22.0
12092,511,1.0
11153,511,3.0
3528,511,2.0
1499,411,16.0
10037,511,50.0
13319,411,1.0
3442,511,1.0
5929,511,43.0
3500,303,3.0
32,162,8.0
7976,511,6.0
2440,511,7.0
2326,511,49.0
12372,511,41.0
3624,511,27.0
5047,511,97.0
9725,258,45.0
13081,6,46.0
6833,258,168.0
3296,50,8.0
12661,511,122.0
3069,511,33.0
12228,511,122.0
484,511,14.0
4326,258,125.0
2125,50,1.0
12704,511,5.0
12848,511,22.0
12340,511,122.0
8332,511,55.0
11772,480,71.0
12858,480,22.0
12871,511,78.0
10478,50,14.0
7333,511,91.0
9186,511,11.0
4891,411,58.0
9085,50,10.0
6956,411,62.0
12431,303,20.0
3853,303,1.0
5533,50,34.0
11639,50,1.0
12143,301,41.0
300,109,9.0
13262,511,135.0
5439,258,61.0
1409,411,75.0
6453,303,42.0
10732,303,126.0
1748,511,8.0
10735,258,45.0
12301,511,17.0
1415,411,19.0
7991,357,3.0
500,511,5.0
669,511,15.0
2537,303,4.0
9403,303,1.0
12868,488,120.0
2860,6,15.0
1581,50,36.0
11318,511,8.0
9318,511,51.0
3903,511,3.0
12369,511,8.0
12507,303,34.0
304,411,16.0
5435,511,20.0
11625,180,15.0
1019,511,8.0
5401,704,104.0
4696,50,1.0
6573,50,204.0
6889,303,10.0
2792,303,16.0
6418,511,37.0
4769,303,4.0
5666,511,36.0
8064,488,107.0
11184,258,1.0
12337,488,95.0
6012,303,11.0
12342,511,122.0
2629,303,4.0
5698,511,37.0
9539,511,3.0
2674,258,45.0
3636,303,1.0
4394,511,12.0
2376,50,31.0
9320,258,15.0
6815,114,12.0
3435,258,73.0
4765,411,1.0
11759,511,153.0
4550,2125,55.0
8631,162,1.0
1069,511,45.0
4029,511,37.0
9603,511,10.0
8248,258,86.0
8900,50,24.0
8349,303,7.0
5770,114,31.0
11360,258,82.0
8824,511,6.0
8118,50,2.0
7999,258,115.0
12468,511,164.0
11566,511,7.0
6680,458,8.0
466,148,5.0
3781,511,42.0
1721,411,21.0
11883,114,24.0
13024,258,124.0
9105,511,1.0
3885,148,8.0
5431,258,24.0
6437,511,31.0
9256,511,12.0
13302,1082,143.0
6546,411,30.0
5981,511,1.0
5365,942,76.0
11692,6,46.0
2456,258,84.0
9289,258,14.0
4140,50,18.0
9538,50,29.0
11269,480,8.0
421,511,12.0
6704,511,5.0
2478,511,37.0
3943,303,2.0
4193,258,107.0
6884,511,37.0
1048,219,1.0
10420,50,17.0
7449,114,16.0
857,411,6.0
9206,511,23.0
4937,302,3.0
7728,302,6.0
9699,6,46.0
13119,258,120.0
2096,258,74.0
915,209,1.0
4485,502,20.0
10495,511,335.0
10119,480,39.0
5958,258,45.0
10589,511,1.0
8299,416,36.0
1140,511,2.0
11346,511,2.0
4975,511,32.0
7047,50,81.0
821,511,5.0
1644,511,1.0
5842,462,20.0
11216,704,1.0
10957,511,43.0
108,511,1.0
8869,511,18.0
7705,511,32.0
368,511,24.0
4950,511,164.0
6877,50,29.0
3648,258,75.0
3989,303,1.0
4686,511,1.0
5295,303,4.0
9120,303,1.0
5909,511,52.0
5220,50,62.0
5426,6,24.0
218,942,24.0
4338,357,25.0
4316,50,3.0
2088,511,1.0
3155,50,1.0
13421,229,1.0
4100,511,2.0
4502,411,23.0
511,607,12.0
701,511,78.0
1714,511,6.0
170,511,4.0
4476,511,69.0
10901,303,6.0
12967,511,71.0
10807,50,24.0
1278,303,14.0
574,463,1.0
9625,511,1.0
40,50,44.0
3692,50,2.0
11962,303,3.0
4514,515,103.0
12388,488,19.0
11822,259,30.0
3316,511,4.0
10577,511,36.0
933,209,4.0
10608,157,15.0
3685,258,74.0
12882,488,31.0
3464,480,14.0
6780,303,1.0
1497,411,10.0
4396,511,5.0
3335,294,22.0
347,203,1.0
10074,511,11.0
4780,392,11.0
13112,511,12.0
475,511,31.0
6364,463,58.0
3612,50,1.0
2086,511,2.0
12414,411,10.0
7475,303,10.0
4221,50,10.0
8062,511,75.0
6876,258,14.0
2343,511,12.0
1618,100,45.0
1403,303,1.0
6499,511,10.0
8974,480,21.0
7745,50,16.0
1651,411,8.0
8493,224,13.0
1744,50,13.0
4478,463,22.0
7677,511,5.0
11503,511,164.0
12460,114,46.0
9633,258,49.0
12234,511,38.0
972,303,6.0
13271,258,17.0
6393,511,32.0
6827,511,60.0
5096,480,43.0
3245,50,10.0
11915,480,48.0
11080,303,13.0
8798,50,37.0
12743,511,8.0
9506,488,185.0
1202,447,10.0
5710,6,46.0
4190,511,2.0
11453,511,7.0
9281,303,131.0
5715,511,30.0
12869,511,78.0
37,162,8.0
10153,50,7.0
1624,411,7.0
3564,511,4.0
9412,480,35.0
5702,50,21.0
5350,511,196.0
8855,157,80.0
7477,511,5.0
4490,511,29.0
6760,511,14.0
4130,50,4.0
8141,488,6.0
3756,303,4.0
2513,303,2.0
11616,511,33.0
8098,467,12.0
12833,511,53.0
10312,303,25.0
12223,511,10.0
1767,392,8.0
11039,258,15.0
11844,416,10.0
5251,50,2.0
1289,50,7.0
7008,114,115.0
5071,303,1.0
4195,511,1.0
6905,511,119.0
12219,303,97.0
5026,511,19.0
8960,480,31.0
5345,303,25.0
11643,511,1.0
8371,480,34.0
12212,511,15.0
5911,511,51.0
7106,480,46.0
5118,515,42.0
9194,511,1.0
4732,511,1.0
5329,416,12.0
7624,50,27.0
3412,511,6.0
8342,511,2.0
8863,511,4.0
11488,515,42.0
1351,511,5.0
13047,488,8.0
1328,704,1.0
9411,704,1.0
4157,480,2.0
10265,511,51.0
2955,258,104.0
6635,224,6.0
3563,511,16.0
211,303,2.0
9530,488,23.0
1951,258,104.0
8128,50,13.0
652,392,8.0
1594,411,1.0
9051,511,5.0
11354,794,1.0
638,511,8.0
3313,303,5.0
1397,301,11.0
4049,511,23.0
11443,50,1.0
10388,114,34.0
1671,411,9.0
6527,511,66.0
2755,162,1.0
4973,511,32.0
2302,50,11.0
4398,303,1.0
12019,480,74.0
3370,511,11.0
10217,511,14.0
2457,258,84.0
2479,511,12.0
9742,704,1.0
12484,511,18.0
6495,511,15.0
7602,303,2.0
2920,511,3.0
13067,511,138.0
12281,50,32.0
1471,511,3.0
4393,258,84.0
485,511,39.0
9247,487,24.0
13345,480,23.0
899,209,1.0
1733,463,4.0
399,411,3.0
2610,511,12.0
12530,258,8.0
909,624,1.0
5014,411,28.0
11840,50,15.0
6128,488,95.0
3064,50,18.0
593,411,8.0
1251,121,12.0
9965,511,1.0
12510,129,16.0
6070,511,15.0
8766,258,77.0
13314,511,135.0
13344,511,12.0
4210,488,1.0
11856,511,97.0
9071,480,39.0
13256,511,76.0
4404,303,4.0
13144,258,8.0
12483,411,28.0
765,411,1.0
10025,302,9.0
583,411,1.0
3468,511,6.0
10118,942,1.0
5307,511,17.0
2151,303,1.0
9309,511,164.0
9028,357,319.0
2849,511,49.0
1871,463,5.0
11257,511,1.0
12476,511,78.0
9119,704,107.0
5585,258,67.0
739,297,3.0
2454,50,4.0
1985,303,1.0
3422,303,5.0
3546,303,1.0
12627,258,21.0
6316,258,35.0
6074,114,43.0
7615,480,43.0
9553,480,10.0
2612,511,5.0
2877,511,4.0
751,411,11.0
8716,250,1.0
12108,129,17.0
1840,303,1.0
4342,50,6.0
1276,411,19.0
9962,511,28.0
12237,463,54.0
6555,942,1.0
9681,511,16.0
4149,511,33.0
9627,511,12.0
8580,50,51.0
4795,511,9.0
8041,480,12.0
2118,50,1.0
1370,411,1.0
741,219,1.0
2471,511,12.0
2496,511,3.0
1189,511,5.0
12027,303,1.0
4681,511,19.0
1571,219,14.0
7625,704,1.0
4124,149,2.0
9025,50,47.0
13215,511,25.0
1982,511,11.0
12625,258,8.0
2663,511,6.0
9039,303,6.0
6888,303,10.0
2058,303,8.0
11800,303,13.0
2596,411,20.0
10492,511,120.0
2859,511,62.0
4654,121,3.0
2324,281,148.0
8814,463,2.0
5563,704,81.0
3509,50,1.0
9898,258,88.0
5386,50,70.0
4707,303,3.0
6978,704,1.0
563,219,4.0
8569,303,12.0
9921,488,8.0
8240,302,1.0
1670,511,1.0
11978,463,12.0
12120,416,12.0
6075,511,32.0
6111,50,204.0
4401,463,1.0
8917,357,3.0
9771,511,4.0
11861,511,32.0
4126,50,131.0
8340,488,16.0
4128,488,68.0
181,463,17.0
11734,303,116.0
11402,511,125.0
9969,162,1.0
1956,511,22.0
1058,511,11.0
10940,50,147.0
9537,303,10.0
1400,303,4.0
8962,258,146.0
8013,258,57.0
5036,488,16.0
10448,303,8.0
5774,511,212.0
10558,50,8.0
1211,162,1.0
7105,50,1.0
12098,411,1.0
10812,511,212.0
9636,511,11.0
12800,488,19.0
4216,303,16.0
12996,511,73.0
7336,258,1.0
8188,942,9.0
3061,258,74.0
4257,511,53.0
1435,50,36.0
13406,303,8.0
93,303,12.0
6943,511,28.0
4906,411,48.0
7937,488,21.0
11908,114,24.0
5009,511,5.0
2237,511,32.0
10798,303,40.0
12697,50,1.0
5091,511,15.0
12775,511,78.0
5858,511,97.0
1085,303,1.0
429,121,1.0
3972,411,1.0
4919,303,14.0
3644,303,15.0
13410,511,12.0
2949,210,1.0
7710,488,5.0
6828,50,10.0
409,50,14.0
13355,511,53.0
1609,169,9.0
6608,303,3.0
13115,511,10.0
9826,258,15.0
3551,447,22.0
7593,963,7.0
12488,511,97.0
2216,511,3.0
10442,258,81.0
950,835,1.0
4751,50,1.0
7986,50,14.0
12647,488,19.0
11937,511,21.0
9586,463,3.0
5287,511,42.0
5736,258,15.0
12190,511,43.0
6346,511,15.0
6063,129,26.0
7204,794,19.0
1422,50,54.0
5033,303,18.0
4557,463,23.0
820,303,14.0
13129,303,7.0
9989,487,21.0
5884,50,8.0
12067,357,1.0
10062,511,32.0
6837,942,170.0
1286,511,1.0
3376,303,15.0
8053,303,1.0
6750,511,37.0
12136,50,30.0
1092,411,4.0
8531,511,31.0
74,511,27.0
3998,511,31.0
5921,50,204.0
11586,303,40.0
8286,258,124.0
4120,50,1.0
292,50,19.0
10769,511,42.0
7128,50,4.0
6320,511,117.0
2090,303,2.0
3496,463,2.0
1802,411,1.0
12300,511,22.0
3211,323,29.0
3596,511,1.0
12939,50,33.0
319,511,13.0
8517,303,24.0
4835,511,1.0
13049,511,1.0
2956,511,8.0
1826,303,7.0
4082,515,5.0
10136,303,2.0
7869,511,31.0
5441,511,1.0
6254,511,1.0
7707,794,19.0
6175,511,1.0
13148,511,111.0
10379,488,6.0
1831,357,25.0
5222,50,68.0
86,303,1.0
13065,478,75.0
1220,511,58.0
2819,511,16.0
7696,511,32.0
2313,303,4.0
2421,303,6.0
2799,50,9.0
5334,511,25.0
2597,162,9.0
595,411,4.0
7534,488,31.0
7224,511,22.0
4966,511,97.0
8940,511,1.0
11968,50,21.0
13017,462,8.0
12577,114,46.0
11002,302,1.0
62,411,5.0
10655,416,6.0
12323,511,24.0
9585,488,22.0
2358,511,42.0
10633,511,5.0
11091,303,4.0
10664,114,11.0
5915,511,51.0
13318,50,1.0
6006,302,2.0
7135,480,46.0
7768,357,64.0
959,100,22.0
11686,303,26.0
1514,323,1.0
9649,511,13.0
1480,511,1.0
6927,480,41.0
10826,1005,21.0
5864,511,3.0
7507,511,1.0
8120,258,24.0
8247,511,27.0
12513,511,107.0
9225,511,7.0
12857,469,46.0
13198,891,25.0
11102,258,1.0
10281,511,11.0
3414,463,1.0
12059,303,62.0
7259,411,28.0
128,463,5.0
11526,511,51.0
12313,511,16.0
7302,411,24.0
12445,258,27.0
8995,303,1.0
12561,511,1.0
7770,303,4.0
11874,487,21.0
276,411,1.0
9293,258,15.0
9422,488,6.0
1273,511,12.0
7335,258,1.0
4522,50,42.0
4036,258,45.0
11213,704,1.0
1898,303,4.0
4607,357,2.0
7018,258,135.0
13180,480,37.0
9474,511,9.0
12841,463,18.0
716,511,4.0
9449,511,36.0
4411,303,17.0
1119,447,41.0
8385,488,22.0
6921,511,11.0
12938,114,52.0
10413,511,36.0
2317,50,1.0
4741,50,9.0
5354,511,1.0
10386,114,34.0
7891,511,13.0
4345,511,16.0
4527,488,78.0
9914,303,11.0
4644,511,1.0
7856,704,1.0
10800,511,212.0
1865,488,32.0
7825,302,35.0
7325,511,15.0
12692,511,12.0
9960,511,1.0
11871,960,72.0
12915,303,24.0
734,463,1.0
7541,511,10.0
12563,511,30.0
4715,411,23.0
7586,480,46.0
8954,511,29.0
12489,511,1.0
3493,511,10.0
10060,511,32.0
2866,511,49.0
12860,303,9.0
6642,480,17.0
11433,511,24.0
3354,511,21.0
12876,704,29.0
6322,511,26.0
13383,258,17.0
2583,511,20.0
6401,487,17.0
7969,511,8.0
12156,258,95.0
11182,511,27.0
6225,258,15.0
8722,303,7.0
6591,511,36.0
7809,704,1.0
10499,50,103.0
5175,511,70.0
12573,511,1.0
1794,511,1.0
1693,50,28.0
7800,794,146.0
10918,303,8.0
5612,1082,143.0
494,511,6.0
5310,302,12.0
158,511,6.0
7632,1043,141.0
3345,258,75.0
4402,258,123.0
7294,511,1.0
7529,511,88.0
2288,511,19.0
9630,794,19.0
8345,511,5.0
966,511,3.0
9751,511,4.0
5157,50,70.0
2253,511,12.0
7408,511,11.0
439,50,31.0
2689,411,2.0
9798,258,28.0
1615,942,10.0
9041,511,1.0
7921,511,6.0
3032,50,20.0
11730,258,35.0
9133,303,6.0
757,411,1.0
4408,511,1.0
1091,303,6.0
5438,32,59.0
9335,469,39.0
4924,511,2.0
3102,303,9.0
7249,511,40.0
10998,511,4.0
4112,488,112.0
10723,114,18.0
6984,963,147.0
3015,148,6.0
3774,303,6.0
7020,511,38.0
1879,511,53.0
12973,303,6.0
12792,511,1.0
3222,463,48.0
8038,488,21.0
12957,488,95.0
9181,50,109.0
11591,511,1.0
12014,511,97.0
10064,511,34.0
8032,50,94.0
3234,511,74.0
9661,511,50.0
2590,258,123.0
1433,303,2.0
6299,511,34.0
4851,303,5.0
2175,511,14.0
5628,50,17.0
2103,303,1.0
5385,511,20.0
10873,794,58.0
4664,411,33.0
1935,511,21.0
12274,614,55.0
11698,1005,45.0
7101,50,51.0
5153,50,62.0
9587,463,9.0
759,303,14.0
11925,358,9.0
830,511,19.0
11829,463,19.0
12668,488,31.0
3939,511,18.0
2448,511,23.0
11044,511,164.0
11229,303,40.0
12644,50,203.0
10936,303,25.0
8026,511,3.0
7343,511,50.0
12465,511,32.0
8002,50,22.0
1460,301,46.0
10044,511,43.0
6818,50,204.0
4554,511,26.0
6033,303,135.0
12635,303,1.0
3025,511,15.0
3835,463,5.0
5262,511,59.0
135,511,4.0
10104,258,96.0
12566,411,6.0
9785,511,4.0
8427,511,54.0
800,411,1.0
7170,794,19.0
428,93,34.0
12318,511,122.0
10950,511,84.0
8410,463,1.0
13295,488,19.0
3188,463,68.0
1256,511,5.0
13373,303,22.0
12126,357,21.0
4421,511,9.0
11490,511,22.0
2319,50,1.0
6715,50,70.0
4666,511,8.0
8275,258,59.0
9149,511,27.0
7750,511,1.0
6308,511,70.0
6596,511,23.0
2528,463,2.0
3185,463,42.0
11220,704,1.0
13116,511,110.0
10913,511,6.0
10661,511,1.0
12462,258,14.0
9280,50,21.0
11410,511,135.0
6235,303,10.0
1,511,29.0
8359,50,34.0
3223,463,48.0
3579,478,30.0
3419,511,19.0
12247,960,206.0
6358,511,45.0
3129,50,6.0
7628,511,9.0
13310,511,135.0
10729,794,19.0
8311,50,28.0
11254,114,18.0
2019,162,4.0
3979,258,45.0
8828,303,1.0
6072,511,164.0
6731,50,57.0
7564,511,66.0
2865,511,18.0
12010,511,58.0
10886,511,43.0
13372,303,22.0
4982,511,43.0
9637,511,80.0
12609,480,31.0
9374,511,11.0
10150,477,41.0
6671,488,11.0
217,511,5.0
9730,303,6.0
4191,411,28.0
3017,463,36.0
12073,511,37.0
867,411,23.0
6614,480,38.0
44,411,17.0
18,463,2.0
7172,463,12.0
8168,480,23.0
1884,258,125.0
2997,303,33.0
11378,416,38.0
2999,50,24.0
11205,704,1.0
11351,258,15.0
7133,480,1.0
4194,511,8.0
3144,511,3.0
6940,511,16.0
5293,704,1.0
12326,258,14.0
12487,50,203.0
6260,488,13.0
260,50,2.0
9306,511,97.0
10733,303,22.0
9442,480,21.0
5641,511,50.0
533,209,7.0
8640,511,4.0
10924,511,33.0
10774,511,9.0
9718,511,8.0
12990,511,51.0
11423,480,5.0
12396,511,4.0
431,511,1.0
9387,480,45.0
2329,511,69.0
4823,149,1.0
3438,463,2.0
578,511,1.0
12474,511,78.0
4861,511,15.0
8170,488,6.0
10311,303,2.0
3722,511,12.0
1699,463,171.0
762,511,45.0
8746,6,11.0
797,511,51.0
8639,480,2.0
5643,511,119.0
5590,469,285.0
9245,488,1.0
12135,511,44.0
12633,258,115.0
2547,303,1.0
1942,511,87.0
3300,411,10.0
5145,50,68.0
6694,488,1.0
2857,357,1.0
9808,258,2.0
5704,50,21.0
4673,511,17.0
5825,511,20.0
4103,303,1.0
12079,511,106.0
592,411,8.0
3367,511,14.0
8445,511,14.0
1042,376,3.0
10802,511,1.0
7069,511,28.0
2518,303,14.0
2222,303,1.0
8806,303,14.0
8813,303,1.0
3001,511,67.0
6114,50,203.0
8360,1043,40.0
7503,258,50.0
11225,480,47.0
961,411,55.0
2900,463,3.0
8652,511,1.0
7061,511,1.0
3858,511,10.0
884,704,1.0
4116,258,75.0
8450,511,1.0
11074,488,198.0
6171,281,5.0
6805,149,15.0
12580,511,135.0
8397,480,49.0
4289,230,16.0
8362,303,24.0
6334,303,1.0
9487,50,7.0
3038,357,115.0
2901,511,23.0
6662,511,155.0
2451,303,3.0
12931,511,32.0
10142,6,31.0
4101,50,1.0
11618,511,51.0
12117,511,53.0
1161,411,19.0
7978,511,6.0
13030,303,5.0
10764,258,42.0
7309,50,80.0
2155,258,133.0
6970,511,1.0
7014,511,12.0
10609,511,5.0
3275,511,67.0
8257,303,20.0
13201,511,135.0
5560,303,10.0
11784,794,68.0
10372,463,3.0
13077,480,37.0
7079,511,5.0
1148,411,14.0
8285,258,150.0
4833,411,11.0
7326,511,37.0
10176,50,39.0
11489,50,51.0
7051,50,45.0
1887,303,6.0
3878,511,8.0
1340,411,14.0
13269,50,19.0
8489,258,75.0
6142,303,59.0
9782,511,12.0
7900,224,34.0
3106,303,3.0
1502,303,8.0
11524,511,43.0
2767,511,15.0
4897,447,29.0
2821,50,64.0
11365,258,1.0
9924,511,24.0
10410,511,37.0
